<?xml version="1.0"?>
<doc>
    <assembly>
        <name>Google.Apis.Translate.v2</name>
    </assembly>
    <members>
        <member name="T:Google.Apis.Translate.v2.TranslateService">
            <summary>The Translate Service.</summary>
        </member>
        <member name="F:Google.Apis.Translate.v2.TranslateService.Version">
            <summary>The API version.</summary>
        </member>
        <member name="F:Google.Apis.Translate.v2.TranslateService.DiscoveryVersionUsed">
            <summary>The discovery version used to generate this service.</summary>
        </member>
        <member name="M:Google.Apis.Translate.v2.TranslateService.#ctor">
            <summary>Constructs a new service.</summary>
        </member>
        <member name="M:Google.Apis.Translate.v2.TranslateService.#ctor(Google.Apis.Services.BaseClientService.Initializer)">
            <summary>Constructs a new service.</summary>
            <param name="initializer">The service initializer.</param>
        </member>
        <member name="P:Google.Apis.Translate.v2.TranslateService.Features">
            <summary>Gets the service supported features.</summary>
        </member>
        <member name="P:Google.Apis.Translate.v2.TranslateService.Name">
            <summary>Gets the service name.</summary>
        </member>
        <member name="P:Google.Apis.Translate.v2.TranslateService.BaseUri">
            <summary>Gets the service base URI.</summary>
        </member>
        <member name="P:Google.Apis.Translate.v2.TranslateService.BasePath">
            <summary>Gets the service base path.</summary>
        </member>
        <member name="P:Google.Apis.Translate.v2.TranslateService.BatchUri">
            <summary>Gets the batch base URI; <c>null</c> if unspecified.</summary>
        </member>
        <member name="P:Google.Apis.Translate.v2.TranslateService.BatchPath">
            <summary>Gets the batch base path; <c>null</c> if unspecified.</summary>
        </member>
        <member name="T:Google.Apis.Translate.v2.TranslateService.Scope">
            <summary>Available OAuth 2.0 scopes for use with the Google Cloud Translation API.</summary>
        </member>
        <member name="F:Google.Apis.Translate.v2.TranslateService.Scope.CloudPlatform">
            <summary>View and manage your data across Google Cloud Platform services</summary>
        </member>
        <member name="F:Google.Apis.Translate.v2.TranslateService.Scope.CloudTranslation">
            <summary>Translate text from one language to another using Google Translate</summary>
        </member>
        <member name="P:Google.Apis.Translate.v2.TranslateService.Detections">
            <summary>Gets the Detections resource.</summary>
        </member>
        <member name="P:Google.Apis.Translate.v2.TranslateService.Languages">
            <summary>Gets the Languages resource.</summary>
        </member>
        <member name="P:Google.Apis.Translate.v2.TranslateService.Translations">
            <summary>Gets the Translations resource.</summary>
        </member>
        <member name="T:Google.Apis.Translate.v2.TranslateBaseServiceRequest`1">
            <summary>A base abstract class for Translate requests.</summary>
        </member>
        <member name="M:Google.Apis.Translate.v2.TranslateBaseServiceRequest`1.#ctor(Google.Apis.Services.IClientService)">
            <summary>Constructs a new TranslateBaseServiceRequest instance.</summary>
        </member>
        <member name="P:Google.Apis.Translate.v2.TranslateBaseServiceRequest`1.Xgafv">
            <summary>V1 error format.</summary>
        </member>
        <member name="T:Google.Apis.Translate.v2.TranslateBaseServiceRequest`1.XgafvEnum">
            <summary>V1 error format.</summary>
        </member>
        <member name="F:Google.Apis.Translate.v2.TranslateBaseServiceRequest`1.XgafvEnum.Value1">
            <summary>v1 error format</summary>
        </member>
        <member name="F:Google.Apis.Translate.v2.TranslateBaseServiceRequest`1.XgafvEnum.Value2">
            <summary>v2 error format</summary>
        </member>
        <member name="P:Google.Apis.Translate.v2.TranslateBaseServiceRequest`1.AccessToken">
            <summary>OAuth access token.</summary>
        </member>
        <member name="P:Google.Apis.Translate.v2.TranslateBaseServiceRequest`1.Alt">
            <summary>Data format for response.</summary>
            [default: json]
        </member>
        <member name="T:Google.Apis.Translate.v2.TranslateBaseServiceRequest`1.AltEnum">
            <summary>Data format for response.</summary>
        </member>
        <member name="F:Google.Apis.Translate.v2.TranslateBaseServiceRequest`1.AltEnum.Json">
            <summary>Responses with Content-Type of application/json</summary>
        </member>
        <member name="F:Google.Apis.Translate.v2.TranslateBaseServiceRequest`1.AltEnum.Media">
            <summary>Media download with context-dependent Content-Type</summary>
        </member>
        <member name="F:Google.Apis.Translate.v2.TranslateBaseServiceRequest`1.AltEnum.Proto">
            <summary>Responses with Content-Type of application/x-protobuf</summary>
        </member>
        <member name="P:Google.Apis.Translate.v2.TranslateBaseServiceRequest`1.BearerToken">
            <summary>OAuth bearer token.</summary>
        </member>
        <member name="P:Google.Apis.Translate.v2.TranslateBaseServiceRequest`1.Callback">
            <summary>JSONP</summary>
        </member>
        <member name="P:Google.Apis.Translate.v2.TranslateBaseServiceRequest`1.Fields">
            <summary>Selector specifying which fields to include in a partial response.</summary>
        </member>
        <member name="P:Google.Apis.Translate.v2.TranslateBaseServiceRequest`1.Key">
            <summary>API key. Your API key identifies your project and provides you with API access, quota, and reports.
            Required unless you provide an OAuth 2.0 token.</summary>
        </member>
        <member name="P:Google.Apis.Translate.v2.TranslateBaseServiceRequest`1.OauthToken">
            <summary>OAuth 2.0 token for the current user.</summary>
        </member>
        <member name="P:Google.Apis.Translate.v2.TranslateBaseServiceRequest`1.Pp">
            <summary>Pretty-print response.</summary>
            [default: true]
        </member>
        <member name="P:Google.Apis.Translate.v2.TranslateBaseServiceRequest`1.PrettyPrint">
            <summary>Returns response with indentations and line breaks.</summary>
            [default: true]
        </member>
        <member name="P:Google.Apis.Translate.v2.TranslateBaseServiceRequest`1.QuotaUser">
            <summary>Available to use for quota purposes for server-side applications. Can be any arbitrary string
            assigned to a user, but should not exceed 40 characters. Overrides userIp if both are provided.</summary>
        </member>
        <member name="P:Google.Apis.Translate.v2.TranslateBaseServiceRequest`1.UploadType">
            <summary>Legacy upload protocol for media (e.g. "media", "multipart").</summary>
        </member>
        <member name="P:Google.Apis.Translate.v2.TranslateBaseServiceRequest`1.UploadProtocol">
            <summary>Upload protocol for media (e.g. "raw", "multipart").</summary>
        </member>
        <member name="M:Google.Apis.Translate.v2.TranslateBaseServiceRequest`1.InitParameters">
            <summary>Initializes Translate parameter list.</summary>
        </member>
        <member name="T:Google.Apis.Translate.v2.DetectionsResource">
            <summary>The "detections" collection of methods.</summary>
        </member>
        <member name="F:Google.Apis.Translate.v2.DetectionsResource.service">
            <summary>The service which this resource belongs to.</summary>
        </member>
        <member name="M:Google.Apis.Translate.v2.DetectionsResource.#ctor(Google.Apis.Services.IClientService)">
            <summary>Constructs a new resource.</summary>
        </member>
        <member name="M:Google.Apis.Translate.v2.DetectionsResource.Detect(Google.Apis.Translate.v2.Data.DetectLanguageRequest)">
            <summary>Detects the language of text within a request.</summary>
            <param name="body">The body of the request.</param>
        </member>
        <member name="T:Google.Apis.Translate.v2.DetectionsResource.DetectRequest">
            <summary>Detects the language of text within a request.</summary>
        </member>
        <member name="M:Google.Apis.Translate.v2.DetectionsResource.DetectRequest.#ctor(Google.Apis.Services.IClientService,Google.Apis.Translate.v2.Data.DetectLanguageRequest)">
            <summary>Constructs a new Detect request.</summary>
        </member>
        <member name="P:Google.Apis.Translate.v2.DetectionsResource.DetectRequest.Body">
            <summary>Gets or sets the body of this request.</summary>
        </member>
        <member name="M:Google.Apis.Translate.v2.DetectionsResource.DetectRequest.GetBody">
            <summary>Returns the body of the request.</summary>
        </member>
        <member name="P:Google.Apis.Translate.v2.DetectionsResource.DetectRequest.MethodName">
            <summary>Gets the method name.</summary>
        </member>
        <member name="P:Google.Apis.Translate.v2.DetectionsResource.DetectRequest.HttpMethod">
            <summary>Gets the HTTP method.</summary>
        </member>
        <member name="P:Google.Apis.Translate.v2.DetectionsResource.DetectRequest.RestPath">
            <summary>Gets the REST path.</summary>
        </member>
        <member name="M:Google.Apis.Translate.v2.DetectionsResource.DetectRequest.InitParameters">
            <summary>Initializes Detect parameter list.</summary>
        </member>
        <member name="M:Google.Apis.Translate.v2.DetectionsResource.List(Google.Apis.Util.Repeatable{System.String})">
            <summary>Detects the language of text within a request.</summary>
            <param name="q">The input text upon which to perform language detection. Repeat this parameter to perform language
            detection on multiple text inputs.</param>
        </member>
        <member name="T:Google.Apis.Translate.v2.DetectionsResource.ListRequest">
            <summary>Detects the language of text within a request.</summary>
        </member>
        <member name="M:Google.Apis.Translate.v2.DetectionsResource.ListRequest.#ctor(Google.Apis.Services.IClientService,Google.Apis.Util.Repeatable{System.String})">
            <summary>Constructs a new List request.</summary>
        </member>
        <member name="P:Google.Apis.Translate.v2.DetectionsResource.ListRequest.Q">
            <summary>The input text upon which to perform language detection. Repeat this parameter to perform
            language detection on multiple text inputs.</summary>
        </member>
        <member name="P:Google.Apis.Translate.v2.DetectionsResource.ListRequest.MethodName">
            <summary>Gets the method name.</summary>
        </member>
        <member name="P:Google.Apis.Translate.v2.DetectionsResource.ListRequest.HttpMethod">
            <summary>Gets the HTTP method.</summary>
        </member>
        <member name="P:Google.Apis.Translate.v2.DetectionsResource.ListRequest.RestPath">
            <summary>Gets the REST path.</summary>
        </member>
        <member name="M:Google.Apis.Translate.v2.DetectionsResource.ListRequest.InitParameters">
            <summary>Initializes List parameter list.</summary>
        </member>
        <member name="T:Google.Apis.Translate.v2.LanguagesResource">
            <summary>The "languages" collection of methods.</summary>
        </member>
        <member name="F:Google.Apis.Translate.v2.LanguagesResource.service">
            <summary>The service which this resource belongs to.</summary>
        </member>
        <member name="M:Google.Apis.Translate.v2.LanguagesResource.#ctor(Google.Apis.Services.IClientService)">
            <summary>Constructs a new resource.</summary>
        </member>
        <member name="M:Google.Apis.Translate.v2.LanguagesResource.List">
            <summary>Returns a list of supported languages for translation.</summary>
        </member>
        <member name="T:Google.Apis.Translate.v2.LanguagesResource.ListRequest">
            <summary>Returns a list of supported languages for translation.</summary>
        </member>
        <member name="M:Google.Apis.Translate.v2.LanguagesResource.ListRequest.#ctor(Google.Apis.Services.IClientService)">
            <summary>Constructs a new List request.</summary>
        </member>
        <member name="P:Google.Apis.Translate.v2.LanguagesResource.ListRequest.Model">
            <summary>The model type for which supported languages should be returned.</summary>
        </member>
        <member name="P:Google.Apis.Translate.v2.LanguagesResource.ListRequest.Target">
            <summary>The language to use to return localized, human readable names of supported languages.</summary>
        </member>
        <member name="P:Google.Apis.Translate.v2.LanguagesResource.ListRequest.MethodName">
            <summary>Gets the method name.</summary>
        </member>
        <member name="P:Google.Apis.Translate.v2.LanguagesResource.ListRequest.HttpMethod">
            <summary>Gets the HTTP method.</summary>
        </member>
        <member name="P:Google.Apis.Translate.v2.LanguagesResource.ListRequest.RestPath">
            <summary>Gets the REST path.</summary>
        </member>
        <member name="M:Google.Apis.Translate.v2.LanguagesResource.ListRequest.InitParameters">
            <summary>Initializes List parameter list.</summary>
        </member>
        <member name="T:Google.Apis.Translate.v2.TranslationsResource">
            <summary>The "translations" collection of methods.</summary>
        </member>
        <member name="F:Google.Apis.Translate.v2.TranslationsResource.service">
            <summary>The service which this resource belongs to.</summary>
        </member>
        <member name="M:Google.Apis.Translate.v2.TranslationsResource.#ctor(Google.Apis.Services.IClientService)">
            <summary>Constructs a new resource.</summary>
        </member>
        <member name="M:Google.Apis.Translate.v2.TranslationsResource.List(Google.Apis.Util.Repeatable{System.String},System.String)">
            <summary>Translates input text, returning translated text.</summary>
            <param name="q">The input text to translate. Repeat this parameter to perform translation operations on multiple
            text inputs.</param>
            <param name="target">The language to use for translation of the input text, set to one
            of the language codes listed in Language Support.</param>
        </member>
        <member name="T:Google.Apis.Translate.v2.TranslationsResource.ListRequest">
            <summary>Translates input text, returning translated text.</summary>
        </member>
        <member name="M:Google.Apis.Translate.v2.TranslationsResource.ListRequest.#ctor(Google.Apis.Services.IClientService,Google.Apis.Util.Repeatable{System.String},System.String)">
            <summary>Constructs a new List request.</summary>
        </member>
        <member name="P:Google.Apis.Translate.v2.TranslationsResource.ListRequest.Q">
            <summary>The input text to translate. Repeat this parameter to perform translation operations on
            multiple text inputs.</summary>
        </member>
        <member name="P:Google.Apis.Translate.v2.TranslationsResource.ListRequest.Target">
            <summary>The language to use for translation of the input text, set to one of the language codes listed
            in Language Support.</summary>
        </member>
        <member name="P:Google.Apis.Translate.v2.TranslationsResource.ListRequest.Format">
            <summary>The format of the source text, in either HTML (default) or plain-text. A value of "html"
            indicates HTML and a value of "text" indicates plain-text.</summary>
        </member>
        <member name="T:Google.Apis.Translate.v2.TranslationsResource.ListRequest.FormatEnum">
            <summary>The format of the source text, in either HTML (default) or plain-text. A value of "html"
            indicates HTML and a value of "text" indicates plain-text.</summary>
        </member>
        <member name="F:Google.Apis.Translate.v2.TranslationsResource.ListRequest.FormatEnum.Html">
            <summary>Specifies the input is in HTML</summary>
        </member>
        <member name="F:Google.Apis.Translate.v2.TranslationsResource.ListRequest.FormatEnum.Text">
            <summary>Specifies the input is in plain textual format</summary>
        </member>
        <member name="P:Google.Apis.Translate.v2.TranslationsResource.ListRequest.Model">
            <summary>The `model` type requested for this translation. Valid values are listed in public
            documentation.</summary>
        </member>
        <member name="P:Google.Apis.Translate.v2.TranslationsResource.ListRequest.Source">
            <summary>The language of the source text, set to one of the language codes listed in Language Support.
            If the source language is not specified, the API will attempt to identify the source language
            automatically and return it within the response.</summary>
        </member>
        <member name="P:Google.Apis.Translate.v2.TranslationsResource.ListRequest.Cid">
            <summary>The customization id for translate</summary>
        </member>
        <member name="P:Google.Apis.Translate.v2.TranslationsResource.ListRequest.MethodName">
            <summary>Gets the method name.</summary>
        </member>
        <member name="P:Google.Apis.Translate.v2.TranslationsResource.ListRequest.HttpMethod">
            <summary>Gets the HTTP method.</summary>
        </member>
        <member name="P:Google.Apis.Translate.v2.TranslationsResource.ListRequest.RestPath">
            <summary>Gets the REST path.</summary>
        </member>
        <member name="M:Google.Apis.Translate.v2.TranslationsResource.ListRequest.InitParameters">
            <summary>Initializes List parameter list.</summary>
        </member>
        <member name="M:Google.Apis.Translate.v2.TranslationsResource.Translate(Google.Apis.Translate.v2.Data.TranslateTextRequest)">
            <summary>Translates input text, returning translated text.</summary>
            <param name="body">The body of the request.</param>
        </member>
        <member name="T:Google.Apis.Translate.v2.TranslationsResource.TranslateRequest">
            <summary>Translates input text, returning translated text.</summary>
        </member>
        <member name="M:Google.Apis.Translate.v2.TranslationsResource.TranslateRequest.#ctor(Google.Apis.Services.IClientService,Google.Apis.Translate.v2.Data.TranslateTextRequest)">
            <summary>Constructs a new Translate request.</summary>
        </member>
        <member name="P:Google.Apis.Translate.v2.TranslationsResource.TranslateRequest.Body">
            <summary>Gets or sets the body of this request.</summary>
        </member>
        <member name="M:Google.Apis.Translate.v2.TranslationsResource.TranslateRequest.GetBody">
            <summary>Returns the body of the request.</summary>
        </member>
        <member name="P:Google.Apis.Translate.v2.TranslationsResource.TranslateRequest.MethodName">
            <summary>Gets the method name.</summary>
        </member>
        <member name="P:Google.Apis.Translate.v2.TranslationsResource.TranslateRequest.HttpMethod">
            <summary>Gets the HTTP method.</summary>
        </member>
        <member name="P:Google.Apis.Translate.v2.TranslationsResource.TranslateRequest.RestPath">
            <summary>Gets the REST path.</summary>
        </member>
        <member name="M:Google.Apis.Translate.v2.TranslationsResource.TranslateRequest.InitParameters">
            <summary>Initializes Translate parameter list.</summary>
        </member>
        <member name="T:Google.Apis.Translate.v2.Data.DetectLanguageRequest">
            <summary>The request message for language detection.</summary>
        </member>
        <member name="P:Google.Apis.Translate.v2.Data.DetectLanguageRequest.Q">
            <summary>The input text upon which to perform language detection. Repeat this parameter to perform language
            detection on multiple text inputs.</summary>
        </member>
        <member name="P:Google.Apis.Translate.v2.Data.DetectLanguageRequest.ETag">
            <summary>The ETag of the item.</summary>
        </member>
        <member name="P:Google.Apis.Translate.v2.Data.DetectionsListResponse.Detections">
            <summary>A detections contains detection results of several text</summary>
        </member>
        <member name="P:Google.Apis.Translate.v2.Data.DetectionsListResponse.ETag">
            <summary>The ETag of the item.</summary>
        </member>
        <member name="P:Google.Apis.Translate.v2.Data.DetectionsResourceItems.Confidence">
            <summary>The confidence of the detection result of this language.</summary>
        </member>
        <member name="P:Google.Apis.Translate.v2.Data.DetectionsResourceItems.IsReliable">
            <summary>A boolean to indicate is the language detection result reliable.</summary>
        </member>
        <member name="P:Google.Apis.Translate.v2.Data.DetectionsResourceItems.Language">
            <summary>The language we detected.</summary>
        </member>
        <member name="P:Google.Apis.Translate.v2.Data.DetectionsResourceItems.ETag">
            <summary>The ETag of the item.</summary>
        </member>
        <member name="T:Google.Apis.Translate.v2.Data.GetSupportedLanguagesRequest">
            <summary>The request message for discovering supported languages.</summary>
        </member>
        <member name="P:Google.Apis.Translate.v2.Data.GetSupportedLanguagesRequest.Target">
            <summary>The language to use to return localized, human readable names of supported languages.</summary>
        </member>
        <member name="P:Google.Apis.Translate.v2.Data.GetSupportedLanguagesRequest.ETag">
            <summary>The ETag of the item.</summary>
        </member>
        <member name="P:Google.Apis.Translate.v2.Data.LanguagesListResponse.Languages">
            <summary>List of source/target languages supported by the translation API. If target parameter is
            unspecified, the list is sorted by the ASCII code point order of the language code. If target parameter is
            specified, the list is sorted by the collation order of the language name in the target language.</summary>
        </member>
        <member name="P:Google.Apis.Translate.v2.Data.LanguagesListResponse.ETag">
            <summary>The ETag of the item.</summary>
        </member>
        <member name="P:Google.Apis.Translate.v2.Data.LanguagesResource.Language">
            <summary>Supported language code, generally consisting of its ISO 639-1 identifier. (E.g. 'en', 'ja'). In
            certain cases, BCP-47 codes including language + region identifiers are returned (e.g. 'zh-TW' and 'zh-
            CH')</summary>
        </member>
        <member name="P:Google.Apis.Translate.v2.Data.LanguagesResource.Name">
            <summary>Human readable name of the language localized to the target language.</summary>
        </member>
        <member name="P:Google.Apis.Translate.v2.Data.LanguagesResource.ETag">
            <summary>The ETag of the item.</summary>
        </member>
        <member name="T:Google.Apis.Translate.v2.Data.TranslateTextRequest">
            <summary>The main translation request message for the Cloud Translation API.</summary>
        </member>
        <member name="P:Google.Apis.Translate.v2.Data.TranslateTextRequest.Format">
            <summary>The format of the source text, in either HTML (default) or plain-text. A value of "html" indicates
            HTML and a value of "text" indicates plain-text.</summary>
        </member>
        <member name="P:Google.Apis.Translate.v2.Data.TranslateTextRequest.Model">
            <summary>The `model` type requested for this translation. Valid values are listed in public
            documentation.</summary>
        </member>
        <member name="P:Google.Apis.Translate.v2.Data.TranslateTextRequest.Q">
            <summary>The input text to translate. Repeat this parameter to perform translation operations on multiple
            text inputs.</summary>
        </member>
        <member name="P:Google.Apis.Translate.v2.Data.TranslateTextRequest.Source">
            <summary>The language of the source text, set to one of the language codes listed in Language Support. If
            the source language is not specified, the API will attempt to identify the source language automatically and
            return it within the response.</summary>
        </member>
        <member name="P:Google.Apis.Translate.v2.Data.TranslateTextRequest.Target">
            <summary>The language to use for translation of the input text, set to one of the language codes listed in
            Language Support.</summary>
        </member>
        <member name="P:Google.Apis.Translate.v2.Data.TranslateTextRequest.ETag">
            <summary>The ETag of the item.</summary>
        </member>
        <member name="T:Google.Apis.Translate.v2.Data.TranslationsListResponse">
            <summary>The main language translation response message.</summary>
        </member>
        <member name="P:Google.Apis.Translate.v2.Data.TranslationsListResponse.Translations">
            <summary>Translations contains list of translation results of given text</summary>
        </member>
        <member name="P:Google.Apis.Translate.v2.Data.TranslationsListResponse.ETag">
            <summary>The ETag of the item.</summary>
        </member>
        <member name="P:Google.Apis.Translate.v2.Data.TranslationsResource.DetectedSourceLanguage">
            <summary>The source language of the initial request, detected automatically, if no source language was
            passed within the initial request. If the source language was passed, auto-detection of the language will
            not occur and this field will be empty.</summary>
        </member>
        <member name="P:Google.Apis.Translate.v2.Data.TranslationsResource.Model">
            <summary>The `model` type used for this translation. Valid values are listed in public documentation. Can be
            different from requested `model`. Present only if specific model type was explicitly requested.</summary>
        </member>
        <member name="P:Google.Apis.Translate.v2.Data.TranslationsResource.TranslatedText">
            <summary>Text translated into the target language.</summary>
        </member>
        <member name="P:Google.Apis.Translate.v2.Data.TranslationsResource.ETag">
            <summary>The ETag of the item.</summary>
        </member>
    </members>
</doc>
