<?xml version="1.0"?>
<doc>
    <assembly>
        <name>Google.Cloud.Translation.V2</name>
    </assembly>
    <members>
        <member name="T:Google.Cloud.Translation.V2.AdvancedTranslationClient">
            <summary>
            Abstract class providing operations for Google Cloud Translation. This class uses strings for model names,
            unlike <see cref="T:Google.Cloud.Translation.V2.TranslationClient"/> which uses the <see cref="T:Google.Cloud.Translation.V2.TranslationModel"/> enum. This makes
            it less convenient to use for simple cases, but more powerful in allowing arbitrary custom models to be specified.
            </summary>
            <remarks>
            <para>
            This abstract class is provided to enable testability while permitting
            additional operations to be added in the future. See <see cref="M:Google.Cloud.Translation.V2.AdvancedTranslationClient.Create(Google.Apis.Auth.OAuth2.GoogleCredential,System.String)"/>,
            <see cref="M:Google.Cloud.Translation.V2.AdvancedTranslationClient.CreateAsync(Google.Apis.Auth.OAuth2.GoogleCredential,System.String)"/> and
            <see cref="M:Google.Cloud.Translation.V2.AdvancedTranslationClient.CreateFromApiKey(System.String,System.String)"/> to construct instances; alternatively, you can
            construct a <see cref="T:Google.Cloud.Translation.V2.AdvancedTranslationClientImpl"/> directly from a <see cref="T:Google.Apis.Translate.v2.TranslateService"/>.
            </para>
            <para>
            All instance methods declared in this class are virtual, with an implementation which simply
            throws <see cref="T:System.NotImplementedException"/>. All these methods are overridden in <see cref="T:Google.Cloud.Translation.V2.AdvancedTranslationClientImpl"/>.
            </para>
            <para>
            This class implements <see cref="T:System.IDisposable"/>; however, the <see cref="M:Google.Cloud.Translation.V2.AdvancedTranslationClient.Dispose"/> method only requires calling
            if many short-lived instances of <see cref="T:Google.Cloud.Translation.V2.AdvancedTranslationClient"/> are being created.
            Most code would be expected to create a single <c>AdvancedTranslationClient</c> instance, and use this instance throughout
            the lifetime of the application. In this case, <c>Dispose</c> need not be called.
            </para>
            </remarks>
        </member>
        <member name="P:Google.Cloud.Translation.V2.AdvancedTranslationClient.Service">
            <summary>
            The underlying translation service object used by this client.
            </summary>
            <remarks>
            The <see cref="T:Google.Cloud.Translation.V2.AdvancedTranslationClient"/> class only provides convenience operations built on top of
            an existing service object. Any more complex operations which are not supported by this wrapper may wish
            to use the same service object as the wrapper, in order to take advantage of its configuration (for authentication,
            application naming etc).
            </remarks>
        </member>
        <member name="P:Google.Cloud.Translation.V2.AdvancedTranslationClient.DefaultModel">
            <summary>
            The default translation model used by this client.
            </summary>
            <remarks>
            Each <c>Translate</c> method has an optional parameter to override this.
            </remarks>
        </member>
        <member name="M:Google.Cloud.Translation.V2.AdvancedTranslationClient.TranslateText(System.String,System.String,System.String,System.String)">
            <summary>
            Translates a single item of text synchronously.
            </summary>
            <remarks>
            This implementation simply delegates to <see cref="M:Google.Cloud.Translation.V2.AdvancedTranslationClient.TranslateText(System.Collections.Generic.IEnumerable{System.String},System.String,System.String,System.String)"/>
            </remarks>
            <param name="text">The text to translate.</param>
            <param name="targetLanguage">The code for the language to translate into. Must not be null.</param>
            <param name="sourceLanguage">The code for the language to translate from. May be null, in which case the server
            will detect the source language.</param>
            <param name="model">The model to request for translation. May be null, in which case <see cref="P:Google.Cloud.Translation.V2.AdvancedTranslationClient.DefaultModel"/> is
            used. If the empty string is specified, no model is requested, allowing the server to choose.</param>
            <returns>The translation of <paramref name="text"/>.</returns>
        </member>
        <member name="M:Google.Cloud.Translation.V2.AdvancedTranslationClient.TranslateHtml(System.String,System.String,System.String,System.String)">
            <summary>
            Translates a single item of HTML synchronously.
            </summary>
            <remarks>
            <para>
            This implementation simply delegates to <see cref="M:Google.Cloud.Translation.V2.AdvancedTranslationClient.TranslateHtml(System.Collections.Generic.IEnumerable{System.String},System.String,System.String,System.String)"/>
            </para>
            <para>
            See the [Translation API documentation](https://cloud.google.com/translate/markup) for more details
            on how to translate HTML and the terms of service.
            </para>
            </remarks>
            <param name="html">The HTML to translate.</param>
            <param name="targetLanguage">The code for the language to translate into. Must not be null.</param>
            <param name="sourceLanguage">The code for the language to translate from. May be null, in which case the server
            will detect the source language.</param>
            <param name="model">The model to request for translation. May be null, in which case <see cref="P:Google.Cloud.Translation.V2.AdvancedTranslationClient.DefaultModel"/> is
            used. If the empty string is specified, no model is requested, allowing the server to choose.</param>
            <returns>The translation of <paramref name="html"/>.</returns>
        </member>
        <member name="M:Google.Cloud.Translation.V2.AdvancedTranslationClient.TranslateText(System.Collections.Generic.IEnumerable{System.String},System.String,System.String,System.String)">
            <summary>
            Translates multiple items of text synchronously.
            </summary>
            <param name="textItems">The text strings to translate. Must not be null or contain null elements.</param>
            <param name="targetLanguage">The code for the language to translate into. Must not be null.</param>
            <param name="sourceLanguage">The code for the language to translate from. May be null, in which case the server
            will detect the source language.</param>
            <param name="model">The model to request for translation. May be null, in which case <see cref="P:Google.Cloud.Translation.V2.AdvancedTranslationClient.DefaultModel"/> is
            used. If the empty string is specified, no model is requested, allowing the server to choose.</param>
            <returns>A list of translations. This will be the same size as <paramref name="textItems"/>, in the same order.</returns>
        </member>
        <member name="M:Google.Cloud.Translation.V2.AdvancedTranslationClient.TranslateHtml(System.Collections.Generic.IEnumerable{System.String},System.String,System.String,System.String)">
            <summary>
            Translates multiple items of HTML synchronously.
            </summary>
            <remarks>
            See the [Translation API documentation](https://cloud.google.com/translate/markup) for more details
            on how to translate HTML and the terms of service.
            </remarks>
            <param name="htmlItems">The HTML strings to translate. Must not be null or contain null elements.</param>
            <param name="targetLanguage">The code for the language to translate into. Must not be null.</param>
            <param name="sourceLanguage">The code for the language to translate from. May be null, in which case the server
            will detect the source language.</param>
            <param name="model">The model to request for translation. May be null, in which case <see cref="P:Google.Cloud.Translation.V2.AdvancedTranslationClient.DefaultModel"/> is
            used. If the empty string is specified, no model is requested, allowing the server to choose.</param>
            <returns>A list of translations. This will be the same size as <paramref name="htmlItems"/>, in the same order.</returns>
        </member>
        <member name="M:Google.Cloud.Translation.V2.AdvancedTranslationClient.DetectLanguage(System.String)">
            <summary>
            Detects the language of the specified text synchronously.
            </summary>
            <remarks>This implementation simply delegates to <see cref="M:Google.Cloud.Translation.V2.AdvancedTranslationClient.DetectLanguages(System.Collections.Generic.IEnumerable{System.String})"/>.</remarks>
            <param name="text">The text to detect the language of. Must not be null.</param>
            <returns>The most likely detected language.</returns>
        </member>
        <member name="M:Google.Cloud.Translation.V2.AdvancedTranslationClient.DetectLanguages(System.Collections.Generic.IEnumerable{System.String})">
            <summary>
            Detects the languages of the specified text items synchronously.
            </summary>
            <param name="textItems">The text items to detect the language of. Must not be null or contain null elements.</param>
            <returns>A list of detected languages. This will be the same size as <paramref name="textItems"/>, in the same order.</returns>
        </member>
        <member name="M:Google.Cloud.Translation.V2.AdvancedTranslationClient.ListLanguages(System.String,System.String)">
            <summary>
            Lists the language supported by the Translate API synchronously.
            </summary>
            <param name="target">The target language in which to return the language names in the results,
            for display purposes. May be null, in which case only the language codes are returned.</param>
            <param name="model">The model to request languages for. May be null, in which case <see cref="P:Google.Cloud.Translation.V2.AdvancedTranslationClient.DefaultModel"/> is
            used. If the empty string is specified, no model is requested, allowing the server to choose.</param>
            <returns>A list of supported languages.</returns>
        </member>
        <member name="M:Google.Cloud.Translation.V2.AdvancedTranslationClient.TranslateTextAsync(System.String,System.String,System.String,System.String,System.Threading.CancellationToken)">
            <summary>
            Translates a single item of text asynchronously.
            </summary>
            <remarks>
            This implementation simply delegates to <see cref="M:Google.Cloud.Translation.V2.AdvancedTranslationClient.TranslateTextAsync(System.Collections.Generic.IEnumerable{System.String},System.String,System.String,System.String,System.Threading.CancellationToken)"/>
            </remarks>
            <param name="text">The text to translate. Must not be null.</param>
            <param name="targetLanguage">The code for the language to translate into. Must not be null.</param>
            <param name="sourceLanguage">The code for the language to translate from. May be null, in which case the server
            will detect the source language.</param>
            <param name="model">The model to request for translation. May be null, in which case <see cref="P:Google.Cloud.Translation.V2.AdvancedTranslationClient.DefaultModel"/> is
            used. If the empty string is specified, no model is requested, allowing the server to choose.</param>
            <param name="cancellationToken">The token to monitor for cancellation requests.</param>
            <returns>The translation of <paramref name="text"/>.</returns>
        </member>
        <member name="M:Google.Cloud.Translation.V2.AdvancedTranslationClient.TranslateHtmlAsync(System.String,System.String,System.String,System.String,System.Threading.CancellationToken)">
            <summary>
            Translates a single item of HTML asynchronously.
            </summary>
            <remarks>
            <para>
            This implementation simply delegates to <see cref="M:Google.Cloud.Translation.V2.AdvancedTranslationClient.TranslateHtmlAsync(System.Collections.Generic.IEnumerable{System.String},System.String,System.String,System.String,System.Threading.CancellationToken)"/>
            </para>
            <para>
            See the [Translation API documentation](https://cloud.google.com/translate/markup) for more details
            on how to translate HTML and the terms of service.
            </para>
            </remarks>
            <param name="html">The HTML to translate. Must not be null.</param>
            <param name="targetLanguage">The code for the language to translate into. Must not be null.</param>
            <param name="sourceLanguage">The code for the language to translate from. May be null, in which case the server
            will detect the source language.</param>
            <param name="model">The model to request for translation. May be null, in which case <see cref="P:Google.Cloud.Translation.V2.AdvancedTranslationClient.DefaultModel"/> is
            used. If the empty string is specified, no model is requested, allowing the server to choose.</param>
            <param name="cancellationToken">The token to monitor for cancellation requests.</param>
            <returns>The translation of <paramref name="html"/>.</returns>
        </member>
        <member name="M:Google.Cloud.Translation.V2.AdvancedTranslationClient.TranslateTextAsync(System.Collections.Generic.IEnumerable{System.String},System.String,System.String,System.String,System.Threading.CancellationToken)">
            <summary>
            Translates multiple items of text asynchronously.
            </summary>
            <param name="textItems">The text strings to translate. Must not be null or contain null elements.</param>
            <param name="targetLanguage">The code for the language to translate into. Must not be null.</param>
            <param name="sourceLanguage">The code for the language to translate from. May be null, in which case the server
            will detect the source language.</param>
            <param name="model">The model to request for translation. May be null, in which case <see cref="P:Google.Cloud.Translation.V2.AdvancedTranslationClient.DefaultModel"/> is
            used. If the empty string is specified, no model is requested, allowing the server to choose.</param>
            <param name="cancellationToken">The token to monitor for cancellation requests.</param>
            <returns>A list of translations. This will be the same size as <paramref name="textItems"/>, in the same order.</returns>
        </member>
        <member name="M:Google.Cloud.Translation.V2.AdvancedTranslationClient.TranslateHtmlAsync(System.Collections.Generic.IEnumerable{System.String},System.String,System.String,System.String,System.Threading.CancellationToken)">
            <summary>
            Translates multiple items of HTML asynchronously.
            </summary>
            <remarks>
            See the [Translation API documentation](https://cloud.google.com/translate/markup) for more details
            on how to translate HTML and the terms of service.
            </remarks>
            <param name="htmlItems">The HTML strings to translate. Must not be null or contain null elements.</param>
            <param name="targetLanguage">The code for the language to translate into. Must not be null.</param>
            <param name="sourceLanguage">The code for the language to translate from. May be null, in which case the server
            will detect the source language.</param>
            <param name="model">The model to request for translation. May be null, in which case <see cref="P:Google.Cloud.Translation.V2.AdvancedTranslationClient.DefaultModel"/> is
            used. If the empty string is specified, no model is requested, allowing the server to choose.</param>
            <param name="cancellationToken">The token to monitor for cancellation requests.</param>
            <returns>A list of translations. This will be the same size as <paramref name="htmlItems"/>, in the same order.</returns>
        </member>
        <member name="M:Google.Cloud.Translation.V2.AdvancedTranslationClient.DetectLanguageAsync(System.String,System.Threading.CancellationToken)">
            <summary>
            Detects the language of the specified text asynchronously.
            </summary>
            <remarks>This implementation simply delegates to <see cref="M:Google.Cloud.Translation.V2.AdvancedTranslationClient.DetectLanguagesAsync(System.Collections.Generic.IEnumerable{System.String},System.Threading.CancellationToken)"/>.</remarks>
            <param name="text">The text to detect the language of. Must not be null.</param>
            <param name="cancellationToken">The token to monitor for cancellation requests.</param>
            <returns>The most likely detected language.</returns>
        </member>
        <member name="M:Google.Cloud.Translation.V2.AdvancedTranslationClient.DetectLanguagesAsync(System.Collections.Generic.IEnumerable{System.String},System.Threading.CancellationToken)">
            <summary>
            Detects the languages of the specified text items asynchronously.
            </summary>
            <param name="textItems">The text items to detect the language of. Must not be null or contain null elements.</param>
            <param name="cancellationToken">The token to monitor for cancellation requests.</param>
            <returns>A list of detected languages. This will be the same size as <paramref name="textItems"/>, in the same order.</returns>
        </member>
        <member name="M:Google.Cloud.Translation.V2.AdvancedTranslationClient.ListLanguagesAsync(System.String,System.String,System.Threading.CancellationToken)">
            <summary>
            Lists the language supported by the Translate API asynchronously.
            </summary>
            <param name="target">The target language in which to return the language names in the results,
            for display purposes. May be null, in which case only the language codes are returned.</param>
            <param name="model">The model to request languages for. May be null, in which case <see cref="P:Google.Cloud.Translation.V2.AdvancedTranslationClient.DefaultModel"/> is
            used. If the empty string is specified, no model is requested, allowing the server to choose.</param>
            <param name="cancellationToken">The token to monitor for cancellation requests.</param>
            <returns>A list of supported languages.</returns>
        </member>
        <member name="M:Google.Cloud.Translation.V2.AdvancedTranslationClient.CreateAsync(Google.Apis.Auth.OAuth2.GoogleCredential,System.String)">
            <summary>
            Asynchronously creates a <see cref="T:Google.Cloud.Translation.V2.AdvancedTranslationClient"/>, using application default credentials if
            no credentials are specified.
            </summary>
            <remarks>
            The credentials are scoped as necessary.
            </remarks>
            <param name="credential">Optional <see cref="T:Google.Apis.Auth.OAuth2.GoogleCredential"/>.</param>
            <param name="model">The default translation model to use. Defaults to null, indicating that by default no model is specified in requests.</param>
            <returns>The task representing the created <see cref="T:Google.Cloud.Translation.V2.AdvancedTranslationClient"/>.</returns>
        </member>
        <member name="M:Google.Cloud.Translation.V2.AdvancedTranslationClient.CreateFromApiKey(System.String,System.String)">
            <summary>
            Creates a <see cref="T:Google.Cloud.Translation.V2.AdvancedTranslationClient"/> from an API key instead of using OAuth2 credentials.
            </summary>
            <remarks>
            You are encouraged to use OAuth2 credentials where possible. This method is primarily provided to make the transition
            from using API keys to OAuth2 credentials straightforward.
            </remarks>
            <param name="apiKey">API key to use. Must not be null.</param>
            <param name="model">The default translation model to use. Defaults to null, indicating that by default no model is specified in requests.</param>
            <returns>The created <see cref="T:Google.Cloud.Translation.V2.AdvancedTranslationClient"/>.</returns>
        </member>
        <member name="M:Google.Cloud.Translation.V2.AdvancedTranslationClient.Create(Google.Apis.Auth.OAuth2.GoogleCredential,System.String)">
            <summary>
            Synchronously creates a <see cref="T:Google.Cloud.Translation.V2.AdvancedTranslationClient"/>, using application default credentials if
            no credentials are specified.
            </summary>
            <remarks>
            The credentials are scoped as necessary.
            </remarks>
            <param name="credential">Optional <see cref="T:Google.Apis.Auth.OAuth2.GoogleCredential"/>.</param>
            <param name="model">The default translation model to use. Defaults to null, indicating that by default no model is specified in requests.</param>
            <returns>The created <see cref="T:Google.Cloud.Translation.V2.AdvancedTranslationClient"/>.</returns>
        </member>
        <member name="M:Google.Cloud.Translation.V2.AdvancedTranslationClient.Dispose">
            <summary>
            Dispose of this instance. See the <see cref="T:Google.Cloud.Translation.V2.AdvancedTranslationClient"/> remarks on when this should be called.
            </summary>
        </member>
        <member name="T:Google.Cloud.Translation.V2.AdvancedTranslationClientImpl">
            <summary>
            Wrapper around <see cref="T:Google.Apis.Translate.v2.TranslateService"/> to provide simpler operations.
            </summary>
            <remarks>
            This is the "default" implementation of <see cref="T:Google.Cloud.Translation.V2.AdvancedTranslationClient"/>. Most client code
            should refer to <see cref="T:Google.Cloud.Translation.V2.AdvancedTranslationClient"/>, creating instances with
            <see cref="M:Google.Cloud.Translation.V2.AdvancedTranslationClient.Create(Google.Apis.Auth.OAuth2.GoogleCredential,System.String)"/>,
            <see cref="M:Google.Cloud.Translation.V2.AdvancedTranslationClient.CreateAsync(Google.Apis.Auth.OAuth2.GoogleCredential,System.String)"/> and
            <see cref="M:Google.Cloud.Translation.V2.AdvancedTranslationClient.CreateFromApiKey(System.String,System.String)"/>.
            The constructor of this class is public for the sake of constructor-based dependency injection.
            </remarks>
        </member>
        <member name="P:Google.Cloud.Translation.V2.AdvancedTranslationClientImpl.ApplicationName">
            <summary>
            The default application name used when creating a <see cref="T:Google.Apis.Translate.v2.TranslateService"/>.
            Defaults to "google-cloud-dotnet"; must not be null.
            </summary>
            <remarks>
            Most applications will never want to set this, which is why it's in this class rather than
            <see cref="T:Google.Cloud.Translation.V2.AdvancedTranslationClient"/>.
            </remarks>
        </member>
        <member name="P:Google.Cloud.Translation.V2.AdvancedTranslationClientImpl.Service">
            <inheritdoc />
        </member>
        <member name="P:Google.Cloud.Translation.V2.AdvancedTranslationClientImpl.DefaultModel">
            <inheritdoc />
        </member>
        <member name="M:Google.Cloud.Translation.V2.AdvancedTranslationClientImpl.#ctor(Google.Apis.Translate.v2.TranslateService,System.String)">
            <summary>
            Constructs a new client wrapping the given <see cref="T:Google.Apis.Translate.v2.TranslateService"/>.
            </summary>
            <param name="service">The service to wrap. Must not be null.</param>
            <param name="model">The default translation model to use. Defaults to null, indicating that by default no model is specified in requests.</param>
        </member>
        <member name="M:Google.Cloud.Translation.V2.AdvancedTranslationClientImpl.TranslateText(System.Collections.Generic.IEnumerable{System.String},System.String,System.String,System.String)">
            <inheritdoc />
        </member>
        <member name="M:Google.Cloud.Translation.V2.AdvancedTranslationClientImpl.TranslateHtml(System.Collections.Generic.IEnumerable{System.String},System.String,System.String,System.String)">
            <inheritdoc />
        </member>
        <member name="M:Google.Cloud.Translation.V2.AdvancedTranslationClientImpl.DetectLanguages(System.Collections.Generic.IEnumerable{System.String})">
            <inheritdoc />
        </member>
        <member name="M:Google.Cloud.Translation.V2.AdvancedTranslationClientImpl.ListLanguages(System.String,System.String)">
            <inheritdoc />
        </member>
        <member name="M:Google.Cloud.Translation.V2.AdvancedTranslationClientImpl.TranslateTextAsync(System.Collections.Generic.IEnumerable{System.String},System.String,System.String,System.String,System.Threading.CancellationToken)">
            <inheritdoc />
        </member>
        <member name="M:Google.Cloud.Translation.V2.AdvancedTranslationClientImpl.TranslateHtmlAsync(System.Collections.Generic.IEnumerable{System.String},System.String,System.String,System.String,System.Threading.CancellationToken)">
            <inheritdoc />
        </member>
        <member name="M:Google.Cloud.Translation.V2.AdvancedTranslationClientImpl.DetectLanguagesAsync(System.Collections.Generic.IEnumerable{System.String},System.Threading.CancellationToken)">
            <inheritdoc />
        </member>
        <member name="M:Google.Cloud.Translation.V2.AdvancedTranslationClientImpl.ListLanguagesAsync(System.String,System.String,System.Threading.CancellationToken)">
            <inheritdoc />
        </member>
        <member name="M:Google.Cloud.Translation.V2.AdvancedTranslationClientImpl.Dispose">
            <inheritdoc />
        </member>
        <member name="T:Google.Cloud.Translation.V2.Detection">
            <summary>
            A result of detecting the language of a piece of text
            via <see cref="M:Google.Cloud.Translation.V2.TranslationClient.DetectLanguage(System.String)"/> or
            <see cref="M:Google.Cloud.Translation.V2.TranslationClient.DetectLanguageAsync(System.String,System.Threading.CancellationToken)"/>,
            or the multiple-item equivalents.
            </summary>
        </member>
        <member name="P:Google.Cloud.Translation.V2.Detection.Text">
            <summary>
            The text that was used for the input of language detection.
            </summary>
        </member>
        <member name="P:Google.Cloud.Translation.V2.Detection.Language">
            <summary>
            The language code for the detected language.
            </summary>
        </member>
        <member name="P:Google.Cloud.Translation.V2.Detection.Confidence">
            <summary>
            The confidence level (between 0 and 1) of the detection.
            </summary>
        </member>
        <member name="P:Google.Cloud.Translation.V2.Detection.IsReliable">
            <summary>
            The reliability of the detection.
            </summary>
        </member>
        <member name="M:Google.Cloud.Translation.V2.Detection.#ctor(System.String,System.String,System.Single,System.Boolean)">
            <summary>
            Constructs a new instance.
            </summary>
            <param name="text">The text that was used for the input of language detection.</param>
            <param name="language">The detected language code.</param>
            <param name="confidence">The confidence of the detection.</param>
            <param name="isReliable">The reliability of the detection.</param>
        </member>
        <member name="T:Google.Cloud.Translation.V2.Language">
            <summary>
            A language supported by the Google Cloud Translation API.
            </summary>
        </member>
        <member name="P:Google.Cloud.Translation.V2.Language.Name">
            <summary>
            The descriptive name of the language, e.g. "English". May be null if no target language was
            provided when requesting the supported languages.
            </summary>
        </member>
        <member name="P:Google.Cloud.Translation.V2.Language.Code">
            <summary>
            The code to use for the language when providing this to the API
            as a source or target language.
            </summary>
        </member>
        <member name="M:Google.Cloud.Translation.V2.Language.#ctor(System.String,System.String)">
            <summary>
            Constructs an instance.
            </summary>
            <param name="name">The name of the language. May be null.</param>
            <param name="code">The code of the language. Must not be null.</param>
        </member>
        <member name="T:Google.Cloud.Translation.V2.LanguageCodes">
            <summary>
            A helper class with constants for supported language codes.
            This is simply a code-convenient form of the set of languages returned by
            <see cref="M:Google.Cloud.Translation.V2.TranslationClient.ListLanguages(System.String,System.Nullable{Google.Cloud.Translation.V2.TranslationModel})"/>.
            It is regenerated regularly, but not guaranteed to be complete at any moment in time;
            if the language you wish to use is present in the table but not covered here, please use
            the listed language code as a hard-coded string until this class catches up.
            </summary>
        </member>
        <member name="F:Google.Cloud.Translation.V2.LanguageCodes.Afrikaans">
            <summary>Language code for Afrikaans</summary>
        </member>
        <member name="F:Google.Cloud.Translation.V2.LanguageCodes.Amharic">
            <summary>Language code for Amharic</summary>
        </member>
        <member name="F:Google.Cloud.Translation.V2.LanguageCodes.Arabic">
            <summary>Language code for Arabic</summary>
        </member>
        <member name="F:Google.Cloud.Translation.V2.LanguageCodes.Azerbaijani">
            <summary>Language code for Azerbaijani</summary>
        </member>
        <member name="F:Google.Cloud.Translation.V2.LanguageCodes.Belarusian">
            <summary>Language code for Belarusian</summary>
        </member>
        <member name="F:Google.Cloud.Translation.V2.LanguageCodes.Bulgarian">
            <summary>Language code for Bulgarian</summary>
        </member>
        <member name="F:Google.Cloud.Translation.V2.LanguageCodes.Bengali">
            <summary>Language code for Bengali</summary>
        </member>
        <member name="F:Google.Cloud.Translation.V2.LanguageCodes.Bosnian">
            <summary>Language code for Bosnian</summary>
        </member>
        <member name="F:Google.Cloud.Translation.V2.LanguageCodes.Catalan">
            <summary>Language code for Catalan</summary>
        </member>
        <member name="F:Google.Cloud.Translation.V2.LanguageCodes.Cebuano">
            <summary>Language code for Cebuano</summary>
        </member>
        <member name="F:Google.Cloud.Translation.V2.LanguageCodes.Corsican">
            <summary>Language code for Corsican</summary>
        </member>
        <member name="F:Google.Cloud.Translation.V2.LanguageCodes.Czech">
            <summary>Language code for Czech</summary>
        </member>
        <member name="F:Google.Cloud.Translation.V2.LanguageCodes.Welsh">
            <summary>Language code for Welsh</summary>
        </member>
        <member name="F:Google.Cloud.Translation.V2.LanguageCodes.Danish">
            <summary>Language code for Danish</summary>
        </member>
        <member name="F:Google.Cloud.Translation.V2.LanguageCodes.German">
            <summary>Language code for German</summary>
        </member>
        <member name="F:Google.Cloud.Translation.V2.LanguageCodes.Greek">
            <summary>Language code for Greek</summary>
        </member>
        <member name="F:Google.Cloud.Translation.V2.LanguageCodes.English">
            <summary>Language code for English</summary>
        </member>
        <member name="F:Google.Cloud.Translation.V2.LanguageCodes.Esperanto">
            <summary>Language code for Esperanto</summary>
        </member>
        <member name="F:Google.Cloud.Translation.V2.LanguageCodes.Spanish">
            <summary>Language code for Spanish</summary>
        </member>
        <member name="F:Google.Cloud.Translation.V2.LanguageCodes.Estonian">
            <summary>Language code for Estonian</summary>
        </member>
        <member name="F:Google.Cloud.Translation.V2.LanguageCodes.Basque">
            <summary>Language code for Basque</summary>
        </member>
        <member name="F:Google.Cloud.Translation.V2.LanguageCodes.Persian">
            <summary>Language code for Persian</summary>
        </member>
        <member name="F:Google.Cloud.Translation.V2.LanguageCodes.Finnish">
            <summary>Language code for Finnish</summary>
        </member>
        <member name="F:Google.Cloud.Translation.V2.LanguageCodes.French">
            <summary>Language code for French</summary>
        </member>
        <member name="F:Google.Cloud.Translation.V2.LanguageCodes.Frisian">
            <summary>Language code for Frisian</summary>
        </member>
        <member name="F:Google.Cloud.Translation.V2.LanguageCodes.Irish">
            <summary>Language code for Irish</summary>
        </member>
        <member name="F:Google.Cloud.Translation.V2.LanguageCodes.ScotsGaelic">
            <summary>Language code for Scots Gaelic</summary>
        </member>
        <member name="F:Google.Cloud.Translation.V2.LanguageCodes.Galician">
            <summary>Language code for Galician</summary>
        </member>
        <member name="F:Google.Cloud.Translation.V2.LanguageCodes.Gujarati">
            <summary>Language code for Gujarati</summary>
        </member>
        <member name="F:Google.Cloud.Translation.V2.LanguageCodes.Hausa">
            <summary>Language code for Hausa</summary>
        </member>
        <member name="F:Google.Cloud.Translation.V2.LanguageCodes.Hawaiian">
            <summary>Language code for Hawaiian</summary>
        </member>
        <member name="F:Google.Cloud.Translation.V2.LanguageCodes.Hindi">
            <summary>Language code for Hindi</summary>
        </member>
        <member name="F:Google.Cloud.Translation.V2.LanguageCodes.Hmong">
            <summary>Language code for Hmong</summary>
        </member>
        <member name="F:Google.Cloud.Translation.V2.LanguageCodes.Croatian">
            <summary>Language code for Croatian</summary>
        </member>
        <member name="F:Google.Cloud.Translation.V2.LanguageCodes.HaitianCreole">
            <summary>Language code for Haitian Creole</summary>
        </member>
        <member name="F:Google.Cloud.Translation.V2.LanguageCodes.Hungarian">
            <summary>Language code for Hungarian</summary>
        </member>
        <member name="F:Google.Cloud.Translation.V2.LanguageCodes.Armenian">
            <summary>Language code for Armenian</summary>
        </member>
        <member name="F:Google.Cloud.Translation.V2.LanguageCodes.Indonesian">
            <summary>Language code for Indonesian</summary>
        </member>
        <member name="F:Google.Cloud.Translation.V2.LanguageCodes.Igbo">
            <summary>Language code for Igbo</summary>
        </member>
        <member name="F:Google.Cloud.Translation.V2.LanguageCodes.Icelandic">
            <summary>Language code for Icelandic</summary>
        </member>
        <member name="F:Google.Cloud.Translation.V2.LanguageCodes.Italian">
            <summary>Language code for Italian</summary>
        </member>
        <member name="F:Google.Cloud.Translation.V2.LanguageCodes.Hebrew">
            <summary>Language code for Hebrew</summary>
        </member>
        <member name="F:Google.Cloud.Translation.V2.LanguageCodes.Japanese">
            <summary>Language code for Japanese</summary>
        </member>
        <member name="F:Google.Cloud.Translation.V2.LanguageCodes.Javanese">
            <summary>Language code for Javanese</summary>
        </member>
        <member name="F:Google.Cloud.Translation.V2.LanguageCodes.Georgian">
            <summary>Language code for Georgian</summary>
        </member>
        <member name="F:Google.Cloud.Translation.V2.LanguageCodes.Kazakh">
            <summary>Language code for Kazakh</summary>
        </member>
        <member name="F:Google.Cloud.Translation.V2.LanguageCodes.Khmer">
            <summary>Language code for Khmer</summary>
        </member>
        <member name="F:Google.Cloud.Translation.V2.LanguageCodes.Kannada">
            <summary>Language code for Kannada</summary>
        </member>
        <member name="F:Google.Cloud.Translation.V2.LanguageCodes.Korean">
            <summary>Language code for Korean</summary>
        </member>
        <member name="F:Google.Cloud.Translation.V2.LanguageCodes.KurdishKurmanji">
            <summary>Language code for Kurdish (Kurmanji)</summary>
        </member>
        <member name="F:Google.Cloud.Translation.V2.LanguageCodes.Kyrgyz">
            <summary>Language code for Kyrgyz</summary>
        </member>
        <member name="F:Google.Cloud.Translation.V2.LanguageCodes.Latin">
            <summary>Language code for Latin</summary>
        </member>
        <member name="F:Google.Cloud.Translation.V2.LanguageCodes.Luxembourgish">
            <summary>Language code for Luxembourgish</summary>
        </member>
        <member name="F:Google.Cloud.Translation.V2.LanguageCodes.Lao">
            <summary>Language code for Lao</summary>
        </member>
        <member name="F:Google.Cloud.Translation.V2.LanguageCodes.Lithuanian">
            <summary>Language code for Lithuanian</summary>
        </member>
        <member name="F:Google.Cloud.Translation.V2.LanguageCodes.Latvian">
            <summary>Language code for Latvian</summary>
        </member>
        <member name="F:Google.Cloud.Translation.V2.LanguageCodes.Malagasy">
            <summary>Language code for Malagasy</summary>
        </member>
        <member name="F:Google.Cloud.Translation.V2.LanguageCodes.Maori">
            <summary>Language code for Maori</summary>
        </member>
        <member name="F:Google.Cloud.Translation.V2.LanguageCodes.Macedonian">
            <summary>Language code for Macedonian</summary>
        </member>
        <member name="F:Google.Cloud.Translation.V2.LanguageCodes.Malayalam">
            <summary>Language code for Malayalam</summary>
        </member>
        <member name="F:Google.Cloud.Translation.V2.LanguageCodes.Mongolian">
            <summary>Language code for Mongolian</summary>
        </member>
        <member name="F:Google.Cloud.Translation.V2.LanguageCodes.Marathi">
            <summary>Language code for Marathi</summary>
        </member>
        <member name="F:Google.Cloud.Translation.V2.LanguageCodes.Malay">
            <summary>Language code for Malay</summary>
        </member>
        <member name="F:Google.Cloud.Translation.V2.LanguageCodes.Maltese">
            <summary>Language code for Maltese</summary>
        </member>
        <member name="F:Google.Cloud.Translation.V2.LanguageCodes.MyanmarBurmese">
            <summary>Language code for Myanmar (Burmese)</summary>
        </member>
        <member name="F:Google.Cloud.Translation.V2.LanguageCodes.Nepali">
            <summary>Language code for Nepali</summary>
        </member>
        <member name="F:Google.Cloud.Translation.V2.LanguageCodes.Dutch">
            <summary>Language code for Dutch</summary>
        </member>
        <member name="F:Google.Cloud.Translation.V2.LanguageCodes.Norwegian">
            <summary>Language code for Norwegian</summary>
        </member>
        <member name="F:Google.Cloud.Translation.V2.LanguageCodes.Chichewa">
            <summary>Language code for Chichewa</summary>
        </member>
        <member name="F:Google.Cloud.Translation.V2.LanguageCodes.Punjabi">
            <summary>Language code for Punjabi</summary>
        </member>
        <member name="F:Google.Cloud.Translation.V2.LanguageCodes.Polish">
            <summary>Language code for Polish</summary>
        </member>
        <member name="F:Google.Cloud.Translation.V2.LanguageCodes.Pashto">
            <summary>Language code for Pashto</summary>
        </member>
        <member name="F:Google.Cloud.Translation.V2.LanguageCodes.Portuguese">
            <summary>Language code for Portuguese</summary>
        </member>
        <member name="F:Google.Cloud.Translation.V2.LanguageCodes.Romanian">
            <summary>Language code for Romanian</summary>
        </member>
        <member name="F:Google.Cloud.Translation.V2.LanguageCodes.Russian">
            <summary>Language code for Russian</summary>
        </member>
        <member name="F:Google.Cloud.Translation.V2.LanguageCodes.Sindhi">
            <summary>Language code for Sindhi</summary>
        </member>
        <member name="F:Google.Cloud.Translation.V2.LanguageCodes.Sinhala">
            <summary>Language code for Sinhala</summary>
        </member>
        <member name="F:Google.Cloud.Translation.V2.LanguageCodes.Slovak">
            <summary>Language code for Slovak</summary>
        </member>
        <member name="F:Google.Cloud.Translation.V2.LanguageCodes.Slovenian">
            <summary>Language code for Slovenian</summary>
        </member>
        <member name="F:Google.Cloud.Translation.V2.LanguageCodes.Samoan">
            <summary>Language code for Samoan</summary>
        </member>
        <member name="F:Google.Cloud.Translation.V2.LanguageCodes.Shona">
            <summary>Language code for Shona</summary>
        </member>
        <member name="F:Google.Cloud.Translation.V2.LanguageCodes.Somali">
            <summary>Language code for Somali</summary>
        </member>
        <member name="F:Google.Cloud.Translation.V2.LanguageCodes.Albanian">
            <summary>Language code for Albanian</summary>
        </member>
        <member name="F:Google.Cloud.Translation.V2.LanguageCodes.Serbian">
            <summary>Language code for Serbian</summary>
        </member>
        <member name="F:Google.Cloud.Translation.V2.LanguageCodes.Sesotho">
            <summary>Language code for Sesotho</summary>
        </member>
        <member name="F:Google.Cloud.Translation.V2.LanguageCodes.Sundanese">
            <summary>Language code for Sundanese</summary>
        </member>
        <member name="F:Google.Cloud.Translation.V2.LanguageCodes.Swedish">
            <summary>Language code for Swedish</summary>
        </member>
        <member name="F:Google.Cloud.Translation.V2.LanguageCodes.Swahili">
            <summary>Language code for Swahili</summary>
        </member>
        <member name="F:Google.Cloud.Translation.V2.LanguageCodes.Tamil">
            <summary>Language code for Tamil</summary>
        </member>
        <member name="F:Google.Cloud.Translation.V2.LanguageCodes.Telugu">
            <summary>Language code for Telugu</summary>
        </member>
        <member name="F:Google.Cloud.Translation.V2.LanguageCodes.Tajik">
            <summary>Language code for Tajik</summary>
        </member>
        <member name="F:Google.Cloud.Translation.V2.LanguageCodes.Thai">
            <summary>Language code for Thai</summary>
        </member>
        <member name="F:Google.Cloud.Translation.V2.LanguageCodes.Filipino">
            <summary>Language code for Filipino</summary>
        </member>
        <member name="F:Google.Cloud.Translation.V2.LanguageCodes.Turkish">
            <summary>Language code for Turkish</summary>
        </member>
        <member name="F:Google.Cloud.Translation.V2.LanguageCodes.Ukrainian">
            <summary>Language code for Ukrainian</summary>
        </member>
        <member name="F:Google.Cloud.Translation.V2.LanguageCodes.Urdu">
            <summary>Language code for Urdu</summary>
        </member>
        <member name="F:Google.Cloud.Translation.V2.LanguageCodes.Uzbek">
            <summary>Language code for Uzbek</summary>
        </member>
        <member name="F:Google.Cloud.Translation.V2.LanguageCodes.Vietnamese">
            <summary>Language code for Vietnamese</summary>
        </member>
        <member name="F:Google.Cloud.Translation.V2.LanguageCodes.Xhosa">
            <summary>Language code for Xhosa</summary>
        </member>
        <member name="F:Google.Cloud.Translation.V2.LanguageCodes.Yiddish">
            <summary>Language code for Yiddish</summary>
        </member>
        <member name="F:Google.Cloud.Translation.V2.LanguageCodes.Yoruba">
            <summary>Language code for Yoruba</summary>
        </member>
        <member name="F:Google.Cloud.Translation.V2.LanguageCodes.ChineseSimplified">
            <summary>Language code for Chinese (Simplified)</summary>
        </member>
        <member name="F:Google.Cloud.Translation.V2.LanguageCodes.ChineseTraditional">
            <summary>Language code for Chinese (Traditional)</summary>
        </member>
        <member name="F:Google.Cloud.Translation.V2.LanguageCodes.Zulu">
            <summary>Language code for Zulu</summary>
        </member>
        <member name="T:Google.Cloud.Translation.V2.TranslationClient">
            <summary>
            Abstract class providing operations for Google Cloud Translation.
            </summary>
            <remarks>
            <para>
            This abstract class is provided to enable testability while permitting
            additional operations to be added in the future. See <see cref="M:Google.Cloud.Translation.V2.TranslationClient.Create(Google.Apis.Auth.OAuth2.GoogleCredential,Google.Cloud.Translation.V2.TranslationModel)"/>,
            <see cref="M:Google.Cloud.Translation.V2.TranslationClient.CreateAsync(Google.Apis.Auth.OAuth2.GoogleCredential,Google.Cloud.Translation.V2.TranslationModel)"/> and
            <see cref="M:Google.Cloud.Translation.V2.TranslationClient.CreateFromApiKey(System.String,Google.Cloud.Translation.V2.TranslationModel)"/> to construct instances; alternatively, you can
            construct a <see cref="T:Google.Cloud.Translation.V2.TranslationClientImpl"/> directly from a <see cref="T:Google.Apis.Translate.v2.TranslateService"/>.
            </para>
            <para>
            All instance methods declared in this class are virtual, with an implementation which simply
            throws <see cref="T:System.NotImplementedException"/>. All these methods are overridden in <see cref="T:Google.Cloud.Translation.V2.TranslationClientImpl"/>.
            </para>
            <para>
            This class implements <see cref="T:System.IDisposable"/>; however, the <see cref="M:Google.Cloud.Translation.V2.TranslationClient.Dispose"/> method only requires calling
            if many short-lived instances of <see cref="T:Google.Cloud.Translation.V2.TranslationClient"/> are being created.
            Most code would be expected to create a single <c>TranslationClient</c> instance, and use this instance throughout
            the lifetime of the application. In this case, <c>Dispose</c> need not be called.
            </para>
            </remarks>
        </member>
        <member name="P:Google.Cloud.Translation.V2.TranslationClient.Service">
            <summary>
            The underlying translation service object used by this client.
            </summary>
            <remarks>
            The <see cref="T:Google.Cloud.Translation.V2.TranslationClient"/> class only provides convenience operations built on top of
            an existing service object. Any more complex operations which are not supported by this wrapper may wish
            to use the same service object as the wrapper, in order to take advantage of its configuration (for authentication,
            application naming etc).
            </remarks>
        </member>
        <member name="P:Google.Cloud.Translation.V2.TranslationClient.DefaultModel">
            <summary>
            The default translation model used by this client.
            </summary>
            <remarks>
            Each <c>Translate</c> method has an optional parameter to override this.
            </remarks>
        </member>
        <member name="M:Google.Cloud.Translation.V2.TranslationClient.TranslateText(System.String,System.String,System.String,System.Nullable{Google.Cloud.Translation.V2.TranslationModel})">
            <summary>
            Translates a single item of text synchronously.
            </summary>
            <remarks>
            This implementation simply delegates to <see cref="M:Google.Cloud.Translation.V2.TranslationClient.TranslateText(System.Collections.Generic.IEnumerable{System.String},System.String,System.String,System.Nullable{Google.Cloud.Translation.V2.TranslationModel})"/>
            </remarks>
            <param name="text">The text to translate.</param>
            <param name="targetLanguage">The code for the language to translate into. Must not be null.</param>
            <param name="sourceLanguage">The code for the language to translate from. May be null, in which case the server
            will detect the source language.</param>
            <param name="model">The model to request for translation. May be null, in which case <see cref="P:Google.Cloud.Translation.V2.TranslationClient.DefaultModel"/> is
            used.</param>
            <returns>The translation of <paramref name="text"/>.</returns>
        </member>
        <member name="M:Google.Cloud.Translation.V2.TranslationClient.TranslateHtml(System.String,System.String,System.String,System.Nullable{Google.Cloud.Translation.V2.TranslationModel})">
            <summary>
            Translates a single item of HTML synchronously.
            </summary>
            <remarks>
            <para>
            This implementation simply delegates to <see cref="M:Google.Cloud.Translation.V2.TranslationClient.TranslateHtml(System.Collections.Generic.IEnumerable{System.String},System.String,System.String,System.Nullable{Google.Cloud.Translation.V2.TranslationModel})"/>
            </para>
            <para>
            See the [Translation API documentation](https://cloud.google.com/translate/markup) for more details
            on how to translate HTML and the terms of service.
            </para>
            </remarks>
            <param name="html">The HTML to translate.</param>
            <param name="targetLanguage">The code for the language to translate into. Must not be null.</param>
            <param name="sourceLanguage">The code for the language to translate from. May be null, in which case the server
            will detect the source language.</param>
            <param name="model">The model to request for translation. May be null, in which case <see cref="P:Google.Cloud.Translation.V2.TranslationClient.DefaultModel"/> is
            used.</param>
            <returns>The translation of <paramref name="html"/>.</returns>
        </member>
        <member name="M:Google.Cloud.Translation.V2.TranslationClient.TranslateText(System.Collections.Generic.IEnumerable{System.String},System.String,System.String,System.Nullable{Google.Cloud.Translation.V2.TranslationModel})">
            <summary>
            Translates multiple items of text synchronously.
            </summary>
            <param name="textItems">The text strings to translate. Must not be null or contain null elements.</param>
            <param name="targetLanguage">The code for the language to translate into. Must not be null.</param>
            <param name="sourceLanguage">The code for the language to translate from. May be null, in which case the server
            will detect the source language.</param>
            <param name="model">The model to request for translation. May be null, in which case <see cref="P:Google.Cloud.Translation.V2.TranslationClient.DefaultModel"/> is
            used.</param>
            <returns>A list of translations. This will be the same size as <paramref name="textItems"/>, in the same order.</returns>
        </member>
        <member name="M:Google.Cloud.Translation.V2.TranslationClient.TranslateHtml(System.Collections.Generic.IEnumerable{System.String},System.String,System.String,System.Nullable{Google.Cloud.Translation.V2.TranslationModel})">
            <summary>
            Translates multiple items of HTML synchronously.
            </summary>
            <remarks>
            See the [Translation API documentation](https://cloud.google.com/translate/markup) for more details
            on how to translate HTML and the terms of service.
            </remarks>
            <param name="htmlItems">The HTML strings to translate. Must not be null or contain null elements.</param>
            <param name="targetLanguage">The code for the language to translate into. Must not be null.</param>
            <param name="sourceLanguage">The code for the language to translate from. May be null, in which case the server
            will detect the source language.</param>
            <param name="model">The model to request for translation. May be null, in which case <see cref="P:Google.Cloud.Translation.V2.TranslationClient.DefaultModel"/> is
            used.</param>
            <returns>A list of translations. This will be the same size as <paramref name="htmlItems"/>, in the same order.</returns>
        </member>
        <member name="M:Google.Cloud.Translation.V2.TranslationClient.DetectLanguage(System.String)">
            <summary>
            Detects the language of the specified text synchronously.
            </summary>
            <remarks>This implementation simply delegates to <see cref="M:Google.Cloud.Translation.V2.TranslationClient.DetectLanguages(System.Collections.Generic.IEnumerable{System.String})"/>.</remarks>
            <param name="text">The text to detect the language of. Must not be null.</param>
            <returns>The most likely detected language.</returns>
        </member>
        <member name="M:Google.Cloud.Translation.V2.TranslationClient.DetectLanguages(System.Collections.Generic.IEnumerable{System.String})">
            <summary>
            Detects the languages of the specified text items synchronously.
            </summary>
            <param name="textItems">The text items to detect the language of. Must not be null or contain null elements.</param>
            <returns>A list of detected languages. This will be the same size as <paramref name="textItems"/>, in the same order.</returns>
        </member>
        <member name="M:Google.Cloud.Translation.V2.TranslationClient.ListLanguages(System.String,System.Nullable{Google.Cloud.Translation.V2.TranslationModel})">
            <summary>
            Lists the language supported by the Translate API synchronously.
            </summary>
            <param name="target">The target language in which to return the language names in the results,
            for display purposes. May be null, in which case only the language codes are returned.</param>
            <param name="model">The model to request languages for. May be null, in which case <see cref="P:Google.Cloud.Translation.V2.TranslationClient.DefaultModel"/> is
            used.</param>
            <returns>A list of supported languages.</returns>
        </member>
        <member name="M:Google.Cloud.Translation.V2.TranslationClient.TranslateTextAsync(System.String,System.String,System.String,System.Nullable{Google.Cloud.Translation.V2.TranslationModel},System.Threading.CancellationToken)">
            <summary>
            Translates a single item of text asynchronously.
            </summary>
            <remarks>
            This implementation simply delegates to <see cref="M:Google.Cloud.Translation.V2.TranslationClient.TranslateTextAsync(System.Collections.Generic.IEnumerable{System.String},System.String,System.String,System.Nullable{Google.Cloud.Translation.V2.TranslationModel},System.Threading.CancellationToken)"/>
            </remarks>
            <param name="text">The text to translate. Must not be null.</param>
            <param name="targetLanguage">The code for the language to translate into. Must not be null.</param>
            <param name="sourceLanguage">The code for the language to translate from. May be null, in which case the server
            will detect the source language.</param>
            <param name="model">The model to request for translation. May be null, in which case <see cref="P:Google.Cloud.Translation.V2.TranslationClient.DefaultModel"/> is
            used.</param>
            <param name="cancellationToken">The token to monitor for cancellation requests.</param>
            <returns>The translation of <paramref name="text"/>.</returns>
        </member>
        <member name="M:Google.Cloud.Translation.V2.TranslationClient.TranslateHtmlAsync(System.String,System.String,System.String,System.Nullable{Google.Cloud.Translation.V2.TranslationModel},System.Threading.CancellationToken)">
            <summary>
            Translates a single item of HTML asynchronously.
            </summary>
            <remarks>
            <para>
            This implementation simply delegates to <see cref="M:Google.Cloud.Translation.V2.TranslationClient.TranslateHtmlAsync(System.Collections.Generic.IEnumerable{System.String},System.String,System.String,System.Nullable{Google.Cloud.Translation.V2.TranslationModel},System.Threading.CancellationToken)"/>
            </para>
            <para>
            See the [Translation API documentation](https://cloud.google.com/translate/markup) for more details
            on how to translate HTML and the terms of service.
            </para>
            </remarks>
            <param name="html">The HTML to translate. Must not be null.</param>
            <param name="targetLanguage">The code for the language to translate into. Must not be null.</param>
            <param name="sourceLanguage">The code for the language to translate from. May be null, in which case the server
            will detect the source language.</param>
            <param name="model">The model to request for translation. May be null, in which case <see cref="P:Google.Cloud.Translation.V2.TranslationClient.DefaultModel"/> is
            used.</param>
            <param name="cancellationToken">The token to monitor for cancellation requests.</param>
            <returns>The translation of <paramref name="html"/>.</returns>
        </member>
        <member name="M:Google.Cloud.Translation.V2.TranslationClient.TranslateTextAsync(System.Collections.Generic.IEnumerable{System.String},System.String,System.String,System.Nullable{Google.Cloud.Translation.V2.TranslationModel},System.Threading.CancellationToken)">
            <summary>
            Translates multiple items of text asynchronously.
            </summary>
            <param name="textItems">The text strings to translate. Must not be null or contain null elements.</param>
            <param name="targetLanguage">The code for the language to translate into. Must not be null.</param>
            <param name="sourceLanguage">The code for the language to translate from. May be null, in which case the server
            will detect the source language.</param>
            <param name="model">The model to request for translation. May be null, in which case <see cref="P:Google.Cloud.Translation.V2.TranslationClient.DefaultModel"/> is
            used.</param>
            <param name="cancellationToken">The token to monitor for cancellation requests.</param>
            <returns>A list of translations. This will be the same size as <paramref name="textItems"/>, in the same order.</returns>
        </member>
        <member name="M:Google.Cloud.Translation.V2.TranslationClient.TranslateHtmlAsync(System.Collections.Generic.IEnumerable{System.String},System.String,System.String,System.Nullable{Google.Cloud.Translation.V2.TranslationModel},System.Threading.CancellationToken)">
            <summary>
            Translates multiple items of HTML asynchronously.
            </summary>
            <remarks>
            See the [Translation API documentation](https://cloud.google.com/translate/markup) for more details
            on how to translate HTML and the terms of service.
            </remarks>
            <param name="htmlItems">The HTML strings to translate. Must not be null or contain null elements.</param>
            <param name="targetLanguage">The code for the language to translate into. Must not be null.</param>
            <param name="sourceLanguage">The code for the language to translate from. May be null, in which case the server
            will detect the source language.</param>
            <param name="model">The model to request for translation. May be null, in which case <see cref="P:Google.Cloud.Translation.V2.TranslationClient.DefaultModel"/> is
            used.</param>
            <param name="cancellationToken">The token to monitor for cancellation requests.</param>
            <returns>A list of translations. This will be the same size as <paramref name="htmlItems"/>, in the same order.</returns>
        </member>
        <member name="M:Google.Cloud.Translation.V2.TranslationClient.DetectLanguageAsync(System.String,System.Threading.CancellationToken)">
            <summary>
            Detects the language of the specified text asynchronously.
            </summary>
            <remarks>This implementation simply delegates to <see cref="M:Google.Cloud.Translation.V2.TranslationClient.DetectLanguagesAsync(System.Collections.Generic.IEnumerable{System.String},System.Threading.CancellationToken)"/>.</remarks>
            <param name="text">The text to detect the language of. Must not be null.</param>
            <param name="cancellationToken">The token to monitor for cancellation requests.</param>
            <returns>The most likely detected language.</returns>
        </member>
        <member name="M:Google.Cloud.Translation.V2.TranslationClient.DetectLanguagesAsync(System.Collections.Generic.IEnumerable{System.String},System.Threading.CancellationToken)">
            <summary>
            Detects the languages of the specified text items asynchronously.
            </summary>
            <param name="textItems">The text items to detect the language of. Must not be null or contain null elements.</param>
            <param name="cancellationToken">The token to monitor for cancellation requests.</param>
            <returns>A list of detected languages. This will be the same size as <paramref name="textItems"/>, in the same order.</returns>
        </member>
        <member name="M:Google.Cloud.Translation.V2.TranslationClient.ListLanguagesAsync(System.String,System.Nullable{Google.Cloud.Translation.V2.TranslationModel},System.Threading.CancellationToken)">
            <summary>
            Lists the language supported by the Translate API asynchronously.
            </summary>
            <param name="target">The target language in which to return the language names in the results,
            for display purposes. May be null, in which case only the language codes are returned.</param>
            <param name="model">The model to request languages for. May be null, in which case <see cref="P:Google.Cloud.Translation.V2.TranslationClient.DefaultModel"/> is
            used.</param>
            <param name="cancellationToken">The token to monitor for cancellation requests.</param>
            <returns>A list of supported languages.</returns>
        </member>
        <member name="M:Google.Cloud.Translation.V2.TranslationClient.CreateAsync(Google.Apis.Auth.OAuth2.GoogleCredential,Google.Cloud.Translation.V2.TranslationModel)">
            <summary>
            Asynchronously creates a <see cref="T:Google.Cloud.Translation.V2.TranslationClient"/>, using application default credentials if
            no credentials are specified.
            </summary>
            <remarks>
            The credentials are scoped as necessary.
            </remarks>
            <param name="credential">Optional <see cref="T:Google.Apis.Auth.OAuth2.GoogleCredential"/>.</param>
            <param name="model">The default translation model to use. Defaults to <see cref="F:Google.Cloud.Translation.V2.TranslationModel.ServiceDefault"/>.</param>
            <returns>The task representing the created <see cref="T:Google.Cloud.Translation.V2.TranslationClient"/>.</returns>
        </member>
        <member name="M:Google.Cloud.Translation.V2.TranslationClient.CreateFromApiKey(System.String,Google.Cloud.Translation.V2.TranslationModel)">
            <summary>
            Creates a <see cref="T:Google.Cloud.Translation.V2.TranslationClient"/> from an API key instead of using OAuth2 credentials.
            </summary>
            <remarks>
            You are encouraged to use OAuth2 credentials where possible. This method is primarily provided to make the transition
            from using API keys to OAuth2 credentials straightforward.
            </remarks>
            <param name="apiKey">API key to use. Must not be null.</param>
            <param name="model">The default translation model to use. Defaults to <see cref="F:Google.Cloud.Translation.V2.TranslationModel.ServiceDefault"/>.</param>
            <returns>The created <see cref="T:Google.Cloud.Translation.V2.TranslationClient"/>.</returns>
        </member>
        <member name="M:Google.Cloud.Translation.V2.TranslationClient.Create(Google.Apis.Auth.OAuth2.GoogleCredential,Google.Cloud.Translation.V2.TranslationModel)">
            <summary>
            Synchronously creates a <see cref="T:Google.Cloud.Translation.V2.TranslationClient"/>, using application default credentials if
            no credentials are specified.
            </summary>
            <remarks>
            The credentials are scoped as necessary.
            </remarks>
            <param name="credential">Optional <see cref="T:Google.Apis.Auth.OAuth2.GoogleCredential"/>.</param>
            <param name="model">The default translation model to use. Defaults to <see cref="F:Google.Cloud.Translation.V2.TranslationModel.ServiceDefault"/>.</param>
            <returns>The created <see cref="T:Google.Cloud.Translation.V2.TranslationClient"/>.</returns>
        </member>
        <member name="M:Google.Cloud.Translation.V2.TranslationClient.Dispose">
            <summary>
            Dispose of this instance. See the <see cref="T:Google.Cloud.Translation.V2.TranslationClient"/> remarks on when this should be called.
            </summary>
        </member>
        <member name="T:Google.Cloud.Translation.V2.TranslationClientImpl">
            <summary>
            Wrapper around <see cref="T:Google.Apis.Translate.v2.TranslateService"/> to provide simpler operations.
            </summary>
            <remarks>
            This is the "default" implementation of <see cref="T:Google.Cloud.Translation.V2.TranslationClient"/>. Most client code
            should refer to <see cref="T:Google.Cloud.Translation.V2.TranslationClient"/>, creating instances with
            <see cref="M:Google.Cloud.Translation.V2.TranslationClient.Create(Google.Apis.Auth.OAuth2.GoogleCredential,Google.Cloud.Translation.V2.TranslationModel)"/>,
            <see cref="M:Google.Cloud.Translation.V2.TranslationClient.CreateAsync(Google.Apis.Auth.OAuth2.GoogleCredential,Google.Cloud.Translation.V2.TranslationModel)"/> and
            <see cref="M:Google.Cloud.Translation.V2.TranslationClient.CreateFromApiKey(System.String,Google.Cloud.Translation.V2.TranslationModel)"/>.
            The constructor of this class is public for the sake of constructor-based dependency injection.
            </remarks>
        </member>
        <member name="P:Google.Cloud.Translation.V2.TranslationClientImpl.ApplicationName">
            <summary>
            The default application name used when creating a <see cref="T:Google.Apis.Translate.v2.TranslateService"/>.
            Defaults to "google-cloud-dotnet"; must not be null.
            </summary>
            <remarks>
            Most applications will never want to set this, which is why it's in this class rather than
            <see cref="T:Google.Cloud.Translation.V2.TranslationClient"/>.
            </remarks>
        </member>
        <member name="P:Google.Cloud.Translation.V2.TranslationClientImpl.Service">
            <inheritdoc />
        </member>
        <member name="P:Google.Cloud.Translation.V2.TranslationClientImpl.DefaultModel">
            <inheritdoc />
        </member>
        <member name="M:Google.Cloud.Translation.V2.TranslationClientImpl.#ctor(Google.Apis.Translate.v2.TranslateService,Google.Cloud.Translation.V2.TranslationModel)">
            <summary>
            Constructs a new client wrapping the given <see cref="T:Google.Apis.Translate.v2.TranslateService"/>.
            </summary>
            <param name="service">The service to wrap. Must not be null.</param>
            <param name="model">The default translation model to use. Defaults to <see cref="F:Google.Cloud.Translation.V2.TranslationModel.ServiceDefault"/>.</param>
        </member>
        <member name="M:Google.Cloud.Translation.V2.TranslationClientImpl.TranslateText(System.Collections.Generic.IEnumerable{System.String},System.String,System.String,System.Nullable{Google.Cloud.Translation.V2.TranslationModel})">
            <inheritdoc />
        </member>
        <member name="M:Google.Cloud.Translation.V2.TranslationClientImpl.TranslateHtml(System.Collections.Generic.IEnumerable{System.String},System.String,System.String,System.Nullable{Google.Cloud.Translation.V2.TranslationModel})">
            <inheritdoc />
        </member>
        <member name="M:Google.Cloud.Translation.V2.TranslationClientImpl.DetectLanguages(System.Collections.Generic.IEnumerable{System.String})">
            <inheritdoc />
        </member>
        <member name="M:Google.Cloud.Translation.V2.TranslationClientImpl.ListLanguages(System.String,System.Nullable{Google.Cloud.Translation.V2.TranslationModel})">
            <inheritdoc />
        </member>
        <member name="M:Google.Cloud.Translation.V2.TranslationClientImpl.TranslateTextAsync(System.Collections.Generic.IEnumerable{System.String},System.String,System.String,System.Nullable{Google.Cloud.Translation.V2.TranslationModel},System.Threading.CancellationToken)">
            <inheritdoc />
        </member>
        <member name="M:Google.Cloud.Translation.V2.TranslationClientImpl.TranslateHtmlAsync(System.Collections.Generic.IEnumerable{System.String},System.String,System.String,System.Nullable{Google.Cloud.Translation.V2.TranslationModel},System.Threading.CancellationToken)">
            <inheritdoc />
        </member>
        <member name="M:Google.Cloud.Translation.V2.TranslationClientImpl.DetectLanguagesAsync(System.Collections.Generic.IEnumerable{System.String},System.Threading.CancellationToken)">
            <inheritdoc />
        </member>
        <member name="M:Google.Cloud.Translation.V2.TranslationClientImpl.ListLanguagesAsync(System.String,System.Nullable{Google.Cloud.Translation.V2.TranslationModel},System.Threading.CancellationToken)">
            <inheritdoc />
        </member>
        <member name="M:Google.Cloud.Translation.V2.TranslationClientImpl.Dispose">
            <inheritdoc />
        </member>
        <member name="T:Google.Cloud.Translation.V2.TranslationModel">
            <summary>
            Underlying model used by the Google Cloud Translation API. This can be explicitly
            specified on a per-client or per-method basis. See
            https://cloud.google.com/translate/release-notes for on-going changes and new models.
            </summary>
        </member>
        <member name="F:Google.Cloud.Translation.V2.TranslationModel.ServiceDefault">
            <summary>
            Explicitly allow the API service to decide which model to use.
            </summary>
        </member>
        <member name="F:Google.Cloud.Translation.V2.TranslationModel.Base">
            <summary>
            The "base" model. The exact meaning of this model may change over time.
            </summary>
        </member>
        <member name="F:Google.Cloud.Translation.V2.TranslationModel.NeuralMachineTranslation">
            <summary>
            The Neural Machine Translation model ("nmt") provides higher quality results
            where available, but is computationally intensive.
            </summary>
        </member>
        <member name="T:Google.Cloud.Translation.V2.TranslationModels">
            <summary>
            Model logic.
            </summary>
        </member>
        <member name="T:Google.Cloud.Translation.V2.TranslationResult">
            <summary>
            The result of a translation operation.
            </summary>
        </member>
        <member name="P:Google.Cloud.Translation.V2.TranslationResult.OriginalText">
            <summary>
            The original text (or HTML) that was translated.
            </summary>
        </member>
        <member name="P:Google.Cloud.Translation.V2.TranslationResult.TranslatedText">
            <summary>
            The translated text.
            </summary>
        </member>
        <member name="P:Google.Cloud.Translation.V2.TranslationResult.DetectedSourceLanguage">
            <summary>
            The source language code detected by the server. This may
            be null, typically due to the source language being supplied
            by the caller.
            </summary>
        </member>
        <member name="P:Google.Cloud.Translation.V2.TranslationResult.SpecifiedSourceLanguage">
            <summary>
            The source language code supplied by the caller, if any.
            </summary>
        </member>
        <member name="P:Google.Cloud.Translation.V2.TranslationResult.TargetLanguage">
            <summary>
            The target language code that the text was translated into.
            </summary>
        </member>
        <member name="P:Google.Cloud.Translation.V2.TranslationResult.Model">
            <summary>
            The model used to perform the translation, if known and available
            as one of the values in <see cref="T:Google.Cloud.Translation.V2.TranslationModel"/>.
            </summary>
        </member>
        <member name="P:Google.Cloud.Translation.V2.TranslationResult.ModelName">
            <summary>
            The name of the model used to perform the translation. This may be present
            even if <see cref="P:Google.Cloud.Translation.V2.TranslationResult.Model"/> is null, if a custom model name has been specified
            via <see cref="T:Google.Cloud.Translation.V2.AdvancedTranslationClient"/>.
            </summary>
        </member>
        <member name="M:Google.Cloud.Translation.V2.TranslationResult.#ctor(System.String,System.String,System.String,System.String,System.String,System.Nullable{Google.Cloud.Translation.V2.TranslationModel})">
            <summary>
            Constructs an instance.
            </summary>
            <remarks>This constructor is for the benefit of testability, in case you wish to provide your own
            fake implementation of <see cref="T:Google.Cloud.Translation.V2.TranslationClient"/>.</remarks>
            <param name="originalText">The original text.</param>
            <param name="translatedText">The translated text.</param>
            <param name="detectedSourceLanguage">The source language code detected by the server, if any.</param>
            <param name="specifiedSourceLanguage">The source language code specified by the API caller.</param>
            <param name="targetLanguage">The target language code.</param>
            <param name="model">The model used to perform the translation, if known.</param>
        </member>
        <member name="M:Google.Cloud.Translation.V2.TranslationResult.#ctor(System.String,System.String,System.String,System.String,System.String,System.Nullable{Google.Cloud.Translation.V2.TranslationModel},System.String)">
            <summary>
            Constructs an instance.
            </summary>
            <remarks>This constructor is for the benefit of testability, in case you wish to provide your own
            fake implementation of <see cref="T:Google.Cloud.Translation.V2.TranslationClient"/>.</remarks>
            <param name="originalText">The original text.</param>
            <param name="translatedText">The translated text.</param>
            <param name="detectedSourceLanguage">The source language code detected by the server, if any.</param>
            <param name="specifiedSourceLanguage">The source language code specified by the API caller.</param>
            <param name="targetLanguage">The target language code.</param>
            <param name="model">The model used to perform the translation, if known.</param>
            <param name="modelName">The name of the model used to perform the translation.</param>
        </member>
        <member name="M:Google.Cloud.Translation.V2.TranslationResult.#ctor(Google.Apis.Translate.v2.Data.TranslationsResource,System.String,System.String,System.String)">
            <summary>
            Constructs an instance from an API result.
            </summary>
        </member>
    </members>
</doc>
